{"duration": [0.261224, 0.319274, 0.313469, 0.29024900000000003, 0.29024900000000003, 0.272834, 0.29024900000000003, 0.272834, 0.272834, 0.272834, 0.278639, 0.28444400000000003, 0.267029, 0.267029, 0.278639, 0.278639, 0.296054, 0.214785, 0.20317500000000002, 1.09714, 1.1435799999999998, 0.406349, 0.551474, 0.365714, 0.255419], "energy": [0.06172765989121706, 0.1234563831540666, 0.11728351082778163, 0.09259202152264186, 0.09259202152264186, 0.07407340454378698, 0.09259202152264186, 0.07407340454378698, 0.07407340454378698, 0.07407340454378698, 0.08024627687007194, 0.0864191491963569, 0.06790053221750202, 0.06790053221750202, 0.08024627687007194, 0.08024627687007194, 0.09876489384892675, 0.012345744652569888, 0.0, 0.9506170213897206, 1.0, 0.21604946804834085, 0.37037127620546473, 0.1728393617643462, 0.05555478756493213], "offset": [-0.005, -0.005, -0.005, -0.005, -0.005, -0.005, -0.005, -0.005, -0.005, -0.005, -0.005, -0.005, -0.005, -0.005, -0.005, -0.005, -0.005, -0.005, -0.005, -0.005, -0.005, -0.005, -0.005, -0.005, -0.005], "time": [0.0696599, 0.330884, 0.650159, 0.963628, 1.25388, 1.54413, 1.8169600000000001, 2.1072100000000002, 2.38005, 2.65288, 2.92571, 3.20435, 3.4888000000000003, 3.75583, 4.0228600000000005, 4.3015, 4.58014, 4.876189999999999, 5.14902, 5.3522, 10.0426, 11.186200000000001, 11.6796, 12.2311, 12.771]}