{"duration": [0.528254, 0.510839, 1.0390899999999998, 1.2016300000000002, 0.446984, 0.446984, 0.568889, 0.882358], "energy": [0.10769287851522438, 0.08461583311910485, 0.7846142429695511, 1.0, 0.0, 0.0, 0.16153931777283653, 0.5769248097783595], "offset": [-0.005, -0.005, -0.005, -0.005, -0.005, -0.005, -0.005, -0.005], "time": [0.110295, 0.638549, 1.1493900000000001, 2.18848, 3.39011, 3.8371, 4.28408, 4.85297]}