{"duration": [0.314747, 0.592109, 0.388934, 0.702404, 0.383129, 0.731429, 0.40054399999999996, 1.00426, 0.39473899999999995, 0.928798, 0.40054399999999996, 0.609524, 0.26154, 0.717687], "energy": [0.07163803317535544, 0.4450788991813873, 0.17152358897027142, 0.593580353295993, 0.16370772296423955, 0.6326596833261524, 0.18715532098233514, 1.0, 0.17933945497630324, 0.8983977811288238, 0.18715532098233514, 0.4685264971994829, 0.0, 0.6141574213700991], "offset": [-0.005, -0.005, -0.005, -0.005, -0.005, -0.005, -0.005, -0.005, -0.005, -0.005, -0.005, -0.005, -0.005, -0.005], "time": [0.011657299999999999, 0.383129, 0.975238, 1.36417, 2.06658, 2.44971, 3.18113, 3.58168, 4.58594, 4.98068, 5.909479999999999, 6.310020000000001, 6.97179, 7.3317]}