{"duration": [0.238005, 0.238005, 0.301859, 0.09868479999999999, 0.238005, 0.296054, 0.261224, 0.267029, 0.214785, 0.156735, 0.261224, 0.15093, 0.18575999999999998, 0.214785, 0.1161, 0.16254, 0.0812698, 0.09868479999999999, 0.12771, 0.12771, 0.10449, 0.110295], "energy": [0.7105297992830112, 0.7105297992830112, 1.0, 0.07894765473558993, 0.7105297992830112, 0.9736841150881367, 0.8157888056169568, 0.8421046905288201, 0.6052662596355579, 0.3421074105169248, 0.8157888056169568, 0.3157915256050614, 0.47368683507624126, 0.6052662596355579, 0.1578962161338814, 0.368423295428788, 0.0, 0.07894765473558993, 0.21052798595760805, 0.21052798595760805, 0.10526444631015477, 0.13158033122201812], "offset": [-0.005, -0.005, -0.005, -0.005, -0.005, -0.005, -0.005, -0.005, -0.005, -0.005, -0.005, -0.005, -0.005, -0.005, -0.005, -0.005, -0.005, -0.005, -0.005, -0.005, -0.005, -0.005], "time": [0.226395, 0.5630839999999999, 0.8010879999999999, 1.26549, 1.44544, 1.6834500000000001, 2.0143299999999997, 2.27556, 2.61224, 3.04181, 3.29723, 3.76744, 4.03447, 4.3595500000000005, 4.69043, 4.95746, 5.12, 5.37268, 5.55537, 5.80499, 6.0139700000000005, 6.2577799999999995]}