{"duration": [0.24, 0.0746667, 0.192, 0.0746667, 0.10133299999999999, 0.0853333, 0.032, 0.0533333, 0.0586667, 0.0746667, 0.0586667, 0.064, 0.0853333, 0.10133299999999999, 0.0906667, 0.0853333, 0.08, 0.0746667, 0.0746667, 0.0693333, 0.0693333, 0.0693333, 0.064, 0.064, 0.064, 0.0693333, 0.064, 0.08, 0.0426667, 0.624, 0.394667, 0.0533333, 0.0586667, 0.064, 0.064, 0.0746667, 0.096, 0.0906667, 0.112, 0.122667, 0.128, 0.154667, 0.144, 0.138667, 0.149333, 0.16, 0.170667, 0.16, 0.378667, 0.08, 0.266667, 0.28266699999999995, 0.293333, 0.32533300000000004, 0.32533300000000004, 0.08, 0.34666699999999995, 0.357333, 0.32, 0.00533333, 0.229333, 0.00533333, 0.10133299999999999, 0.186667], "energy": [0.3793103481718193, 0.1120690241806626, 0.3017241416932967, 0.1120690241806626, 0.15517187955187564, 0.12931029563949192, 0.043103453431554674, 0.07758615798714356, 0.0862069553544884, 0.1120690241806626, 0.0862069553544884, 0.09482759108390307, 0.12931029563949192, 0.15517187955187564, 0.13793109300683679, 0.12931029563949192, 0.12068965991007727, 0.1120690241806626, 0.1120690241806626, 0.10344822681331774, 0.10344822681331774, 0.10344822681331774, 0.09482759108390307, 0.09482759108390307, 0.09482759108390307, 0.10344822681331774, 0.09482759108390307, 0.12068965991007727, 0.0603448865283142, 1.0, 0.629310885617937, 0.07758615798714356, 0.0862069553544884, 0.09482759108390307, 0.09482759108390307, 0.1120690241806626, 0.14655172873625147, 0.13793109300683679, 0.17241379756242567, 0.18965571557297567, 0.19827586638859987, 0.2413798532253241, 0.2241379352147741, 0.2155177843991499, 0.23275808603039827, 0.2500000040409483, 0.2672419220514983, 0.2500000040409483, 0.6034488167917629, 0.12068965991007727, 0.4224143350085435, 0.4482764038347177, 0.46551670546596613, 0.5172408431183145, 0.5172408431183145, 0.12068965991007727, 0.5517246791394145, 0.5689649807706629, 0.5086206923026902, 0.0, 0.3620684301612693, 0.0, 0.15517187955187564, 0.2931039908776725], "offset": [-0.005, -0.005, -0.005, -0.005, -0.005, -0.005, -0.005, -0.005, -0.005, -0.005, -0.005, -0.005, -0.005, -0.005, -0.005, -0.005, -0.005, -0.005, -0.005, -0.005, -0.005, -0.005, -0.005, -0.005, -0.005, -0.005, -0.005, -0.005, -0.005, -0.005, -0.005, -0.005, -0.005, -0.005, -0.005, -0.005, -0.005, -0.005, -0.005, -0.005, -0.005, -0.005, -0.005, -0.005, -0.005, -0.005, -0.005, -0.005, -0.005, -0.005, -0.005, -0.005, -0.005, -0.005, -0.005, -0.005, -0.005, -0.005, -0.005, -0.005, -0.005, -0.005, -0.005, -0.005], "time": [0.0746667, 0.485333, 0.56, 0.8853329999999999, 0.96, 1.17867, 1.264, 1.392, 1.5413299999999999, 1.664, 1.80267, 1.91467, 2.00533, 2.13333, 2.23467, 2.32533, 2.41067, 2.49067, 2.56533, 2.64, 2.70933, 2.77867, 2.848, 2.912, 2.976, 3.04, 3.10933, 3.17333, 3.25333, 3.328, 3.952, 4.3466700000000005, 4.4, 4.45867, 4.52267, 4.58667, 4.6613299999999995, 4.75733, 4.848, 4.96, 5.08267, 5.21067, 5.36533, 5.50933, 5.648, 5.79733, 5.95733, 6.128, 6.288, 6.66667, 6.74667, 7.01333, 7.296, 7.58933, 7.91467, 8.33067, 8.41067, 8.75733, 9.184, 9.74933, 9.872, 10.693299999999999, 10.7467, 10.848]}