{"duration": [1.49188, 1.11456, 0.7894779999999999, 0.6733790000000001, 0.6733790000000001, 0.557279, 0.476009, 0.545669, 0.975238, 0.510839, 0.388934, 0.470204, 0.464399, 0.464399, 0.377324, 0.255419, 0.238005, 0.2322, 0.2322, 0.238005, 0.238005, 0.24381, 0.238005, 0.249615, 0.249615, 0.267029, 0.319274, 0.545669, 0.8258049999999999], "energy": [1.0, 0.7004636098056648, 0.4423964816461323, 0.35023101105042553, 0.35023101105042553, 0.2580647466023117, 0.19354836148863205, 0.2488481201575003, 0.5898625047631144, 0.22119824082306616, 0.1244236631525467, 0.18894004826622635, 0.18433173504382067, 0.18433173504382067, 0.11520703670773531, 0.01843245903721582, 0.004608313222405696, 0.0, 0.0, 0.004608313222405696, 0.004608313222405696, 0.009216626444811391, 0.004608313222405696, 0.013824939667217087, 0.013824939667217087, 0.027649085482027186, 0.0691239044836784, 0.2488481201575003, 0.47123475803378634], "offset": [-0.005, -0.005, -0.005, -0.005, -0.005, -0.005, -0.005, -0.005, -0.005, -0.005, -0.005, -0.005, -0.005, -0.005, -0.005, -0.005, -0.005, -0.005, -0.005, -0.005, -0.005, -0.005, -0.005, -0.005, -0.005, -0.005, -0.005, -0.005, -0.005], "time": [-0.00580499, 1.8576, 2.97215, 3.7616300000000003, 4.43501, 5.10839, 5.66567, 6.14168, 6.68735, 7.871560000000001, 8.3824, 8.77134, 9.24154, 9.70594, 10.1703, 10.5477, 10.8031, 11.0411, 11.273299999999999, 11.5055, 11.7435, 11.9815, 12.225299999999999, 12.463299999999998, 12.7129, 12.9625, 13.2296, 13.5488, 14.0945]}