{"duration": [0.19737000000000002, 0.214785, 0.214785, 0.2322, 0.22059, 0.238005, 0.22059, 0.226395, 0.214785, 0.214785, 0.22059, 0.214785, 0.214785], "energy": [0.0, 0.4285714285714285, 0.4285714285714285, 0.857142857142857, 0.5714285714285715, 1.0, 0.5714285714285715, 0.7142857142857146, 0.4285714285714285, 0.4285714285714285, 0.5714285714285715, 0.4285714285714285, 0.4285714285714285], "offset": [-0.005, -0.005, -0.005, -0.005, -0.005, -0.005, -0.005, -0.005, -0.005, -0.005, -0.005, -0.005, -0.005], "time": [0.0396614, 0.261224, 0.476009, 0.690794, 0.9229930000000001, 1.1435799999999998, 1.3815899999999999, 1.6021800000000002, 1.82857, 2.04336, 2.25814, 2.47873, 2.6935100000000003]}