{"duration": [0.29024900000000003, 0.296054, 0.214785, 0.412154, 0.34829899999999997, 0.12771, 0.278639, 0.28444400000000003, 0.18575999999999998, 0.20317500000000002, 0.551474, 0.10449, 0.2322, 0.179955, 0.121905, 0.238005, 0.383129, 0.412154, 0.296054, 0.441179, 0.121905, 0.13932, 0.272834, 0.13932, 0.238005, 0.16254, 0.12771, 0.0638549, 0.2322, 0.179955, 0.121905, 0.0928798, 0.365714, 0.261224, 0.238005, 0.19156499999999999, 0.0928798, 0.2322, 0.110295, 0.330884, 0.10449, 0.16254, 0.214785, 0.0754649, 0.383129, 0.156735, 0.371519], "energy": [0.46428472551628924, 0.47618950939370497, 0.30952458589091353, 0.7142851869420208, 0.5833325642904471, 0.13095282772967667, 0.4404751577614577, 0.45237994163887346, 0.2500006665038346, 0.2857150181360821, 1.0, 0.08333369222001351, 0.345238937523161, 0.23809588262641884, 0.1190480438522609, 0.35714372140057676, 0.6547612675549419, 0.7142851869420208, 0.47618950939370497, 0.7738091063290998, 0.1190480438522609, 0.15476239548450826, 0.42857037388404184, 0.15476239548450826, 0.35714372140057676, 0.20238153099417144, 0.13095282772967667, 0.0, 0.345238937523161, 0.23809588262641884, 0.1190480438522609, 0.059523714308976, 0.6190469159226946, 0.4047608061292102, 0.35714372140057676, 0.2619054503812504, 0.059523714308976, 0.345238937523161, 0.09523847609742932, 0.5476182126581998, 0.08333369222001351, 0.20238153099417144, 0.30952458589091353, 0.023809567754831586, 0.6547612675549419, 0.1904767471167557, 0.6309516998001103], "offset": [-0.005, -0.005, -0.005, -0.005, -0.005, -0.005, -0.005, -0.005, -0.005, -0.005, -0.005, -0.005, -0.005, -0.005, -0.005, -0.005, -0.005, -0.005, -0.005, -0.005, -0.005, -0.005, -0.005, -0.005, -0.005, -0.005, -0.005, -0.005, -0.005, -0.005, -0.005, -0.005, -0.005, -0.005, -0.005, -0.005, -0.005, -0.005, -0.005, -0.005, -0.005, -0.005, -0.005, -0.005, -0.005, -0.005, -0.005], "time": [0.0696599, 0.359909, 0.6559640000000001, 0.8707480000000001, 1.2829000000000002, 1.6312, 1.75891, 2.03755, 2.322, 2.50776, 2.81542, 3.3668899999999997, 3.47138, 3.70358, 3.88354, 4.00544, 4.24345, 4.69043, 5.10259, 5.39864, 5.83982, 5.961720000000001, 6.10104, 6.437729999999999, 6.57705, 7.0995, 7.26204, 7.38975, 7.918, 8.20245, 8.3824, 8.65524, 8.74812, 9.25315, 9.51438, 9.78141, 10.100700000000002, 10.1936, 10.425799999999999, 11.0121, 11.401, 11.668, 11.8306, 12.1731, 12.2485, 12.7942, 12.950899999999999]}