{"duration": [0.313469, 0.481814, 0.725624, 0.110295, 0.238005, 0.661769, 0.168345, 0.18575999999999998, 0.20317500000000002, 0.226395, 0.359909, 0.17415, 0.841723], "energy": [0.27777717013841413, 0.5079365296379138, 0.8412707744302926, 0.0, 0.17460365203410314, 0.753968948413241, 0.07936529637913779, 0.10317488529287912, 0.12698447420662048, 0.1587305927582756, 0.3412694072417244, 0.08730182601705158, 1.0], "offset": [-0.005, -0.005, -0.005, -0.005, -0.005, -0.005, -0.005, -0.005, -0.005, -0.005, -0.005, -0.005, -0.005], "time": [0.777868, 1.09134, 1.57315, 2.2987800000000003, 2.4090700000000003, 2.6470700000000003, 3.30884, 3.4771900000000002, 3.66295, 3.86612, 4.09252, 4.4524300000000006, 4.62658]}